,text,여성/가족,남성,성소수자,인종/국적,연령,지역,종교,기타 혐오,악플/욕설,clean
148,부끄럽고 미안합니다 안철수의 국민의당 때에 문재인타도 한마디에 전석을 내주더니 쌍욕 패륜 전과자에게 몰표를 주었습니다 윤석열이 잘못 악마화된것도 있지만 호남사람으로서 부끄러운 모습 반성하고 사과 합니다,0.01,0.01,0.02,0.02,0.01,0.76,0.02,0.04,0.12,0.11
290,부평 대구 그리고 사전투표 한 사람이 또 투표 이게 반장선거냐고 ㅋㅋ 아님 뭐 아파트 부녀회장 뽑는거냐 부녀회장이나 반장선거도 이거보단 투명하게 하겠다 ㅋㅋㅋㅋ 아니 알고보면 3번안철수에 투표했는데 무효표 안되고 윤석열한테 옮겨간거 아니냐고 ㅋㅋㅋㅋ,0.02,0.01,0.02,0.03,0.01,0.8,0.01,0.02,0.05,0.17
782,내가 안철수 미워하는 건 거길 절묘하게 파고들었기 때문이야 이준석이 왜 호남 20 를 장담했게 그놈도 안다는 거지 근데 정치인이든 언론이든 지식인이든 아무도 대놓고 호남 지역주의 를 얘기할 순 없어 욕만 먹는단 걸 아는 거지 나처럼 그래도 이번에도 봤듯이 갈등 속에서도 호남 참 착해,0.01,0.01,0.01,0.03,0.01,0.62,0.01,0.02,0.06,0.3
1050,이번 부정선거세팅에서 에러가 난 이유 1 안철수와 전격단일화 2 심상정이 찢표 가져감 3 본투표에서 차이 많이남 4 윤이 절라도에서 10 이상 가져감 5 서울에서 생각보다 많이 털림,0.02,0.01,0.02,0.04,0.01,0.9,0.02,0.03,0.04,0.1
1277,경상도는 안철수 뽑으려다 단일화 한다고 그냥 허경영 뽑는다는 사람들한테 절해야 할 수준임,0.01,0.01,0.01,0.02,0.01,0.81,0.01,0.02,0.06,0.12
1337,아 안철수 국민당은 열나게 유세차 돌고 선거운동원 돌고 그랬음 한마디로 호남 민주당 개판 중의 그런 개판이 없었으며 문자로도 문재인 후보 뽑아달라는 걸 받아본 기억이 없었음 하긴 민주권리당원인데도 안철수에게 뽁 간 인간들이 아주 많았으니까,0.01,0.01,0.01,0.03,0.01,0.78,0.01,0.03,0.07,0.17
1417,지금서울 내일 전주내려가야 해서 잠자러 들어 갑니다 출구조사 직후 지인들 전화와서 걱정 하는데 멘붕으로 제대로 통화 못했는데 전라도인의 욕을 덜 받을 수있어 다행입니다 서울에서 조카2번 찍게 하고 세종에서 코로나로 자가치료 중인 딸에게 기권하게 했네요 윤후보님 안철수 부탁합니다,0.01,0.01,0.02,0.04,0.01,0.86,0.02,0.02,0.03,0.18
1468,본인 전남에서 태어나서 평생을 광주에서만 살았는데 광주에서 이렇게 진보진영이 표 뺏긴거 처음봄 ㅇㅇ 이 전 대선 때 안철수 쪽에 표 준적말고 보수당에서 12프로나 나온거 이번이 처음임 ㅋㅋ 이런거 보면 반성부터 해야겠다는 생각을 하는게 맞지 않냐 근데 분명 저새끼들은 개좆같은소리할걸,0.01,0.01,0.02,0.02,0.01,0.83,0.01,0.03,0.14,0.05
1542,맨날 안철수 투표하던 울엄마 빡쳐서 허경영 찍었는데 이재명으로 가자고 설득했어야함 대구 진짜 어쩌냐,0.01,0.01,0.01,0.03,0.01,0.77,0.03,0.01,0.04,0.11
1565,꼭 그렇지도 않아요 절라도에서 안철수 지지자들 10중 8 9는 리죄명으로 갈아탔습니다 그건 내가 사는 곳이라 잘 압니다,0.01,0.01,0.02,0.03,0.01,0.88,0.02,0.03,0.05,0.12
1729,윤석열당선 이군 잘좀해라 안철수가 잘좀 견인하기를 전라도 표의 쇼타임은 이제 끝낫다 미안하지만 이제는 역전임 ㅋ,0.02,0.01,0.02,0.03,0.02,0.9,0.02,0.03,0.04,0.08
1934,문재인후보땐 맨날 말꼬리잡으며 홀대했다 뒤집어씌우고 안철수 지지하며 착한 문재인후보 가슴 다 찢어놓고 회초리든다고 난리치던 호남이 뭐 문프때매 이재명 찍어요 쓰레기한테 몰표주고나서 쪽팔리니 문프때매 찍어줬다 구라들 치시네 쓰레기한테 몰표주면 아무리 호남이라도 욕먹어도 쌉니다,0.02,0.01,0.02,0.04,0.01,0.89,0.02,0.04,0.09,0.04
2050,윤석열당선 이재명당선 당신의 선택은 근데 결과는 끝났습니다 윤석열 압승입니다 진짜 안철수와 함께 공동정부 하길 성공하는 정부가 되도록 곧 전라도 표 떨어질듯 전라도 인구 총 420만 경상도 인구 총 1100만 이거 이해 못하면 정치 접어야 함 전라도 표가 멈추는 순간 이재명표 끝,0.02,0.02,0.02,0.05,0.01,0.93,0.02,0.03,0.03,0.08
2074,아직도 피해입은 사람들이 살아숨쉬는데 피해의식이라고 하는 수준 봐라 호남지역이 정말 지역성을 중심으로 돌아가는 곳이었으면 지난 대선때 안철수득표율이 그렇게 높지않았겠죠 ㅋㅋ 어느분 말마따나 정당이 아닌 정책을 따라가는 유일한 지역이 바로 호남인데 무슨 헛소리를 하시는지,0.01,0.01,0.01,0.01,0.01,0.65,0.01,0.03,0.17,0.11
2189,안철수 사퇴한 날 점심 때에 동네 사람들 우리집으로 와서 우리집 동네 사랑방 정도 됨 안철수 욕하는 거 듣고 아직 내가 못 들어 본 전라도 욕도 있구나 싶었지,0.02,0.01,0.02,0.04,0.01,0.89,0.02,0.02,0.04,0.11
2264,예전에 광주 전라 안철수당 지지한적있었어요 광주 전라권은 정치색으로 지지하는거 절대 아닙니다,0.01,0.01,0.02,0.02,0.01,0.73,0.02,0.02,0.04,0.41
2316,안철수도 밀어준 호남 호남사람이지만 이해를 할수없음 대구경북도 마찬가지겠지요,0.01,0.01,0.01,0.02,0.01,0.74,0.01,0.02,0.04,0.31
2338,호남이 뭉친 이유 안철수 야합때문에,0.02,0.01,0.01,0.03,0.01,0.8,0.01,0.03,0.05,0.16
2474,실제로 안철수가 다당제 주장하고 뭐하고했던 촛불대선때는 문재인 말고 안철수 표가 30퍼나돼서 양당제 말고 3당제가 가능했음 광주랑 전라도가 눈멀어서 파란쪽만 찍어준다는건 다 생 지랄임,0.02,0.01,0.02,0.03,0.01,0.91,0.02,0.03,0.06,0.06
2556,전라도는 안철수 덕이네요 이유가 머든 이 기세로 쭈욱 이재명 후보 당선 가즈아,0.02,0.01,0.02,0.04,0.01,0.88,0.02,0.02,0.03,0.12
2565,맞아ㅋㅋㅋㅋㅋㅋㅋㅋ 타지역 사람들이 광주한테 왜 안철수를 몇십 퍼센트 뽑았냐고 실망했다 하고 지들 빨강 초록 퍼센트나 붙잡고 혼자 울지 왜 우리한테,0.01,0.01,0.01,0.02,0.01,0.65,0.01,0.02,0.22,0.1
2622,호남진짜이갈은게 빨간당이 2위인거 전엔 4위였자나 문재인 심상정 안철수 다몰표인가바,0.02,0.01,0.01,0.04,0.01,0.83,0.01,0.03,0.05,0.11
2642,전라도는 문프 당대표 시절 정확히 김종인 비대위 시절 총선도 안철수당 밀어줬잖아,0.02,0.01,0.02,0.05,0.01,0.88,0.02,0.02,0.03,0.17
2688,역풍이죠 전라도 몰표에 2030 여성표 그리고 만만치 않은 수도권과 부산 경남에서 선전 그게 다 안철수 덕은 아니겠지만 영향은 주었음,0.05,0.01,0.02,0.02,0.02,0.87,0.01,0.03,0.04,0.13
2769,아 근데 결과적으로는 안철수 단일화가 전라도에 큰 영향을 미침 역풍 제대로 맞은,0.02,0.01,0.02,0.04,0.01,0.88,0.02,0.02,0.04,0.12
2787,민주당 득표율은 광주의 트라우마 때문이라고 호남분들 원망하지말라고 말씀하시는 분들 계신데 19대 대선에서 문재인 대통령 호남 득표율 였음 안철수는,0.01,0.01,0.01,0.02,0.01,0.61,0.01,0.02,0.04,0.45
2902,대전도 세종도 충남 충북도 빨강 서울도 빨강이면 말다했네 윤석열 대통령 당선될듯 아직 모르는거라 뭐 나는 안철수 찍어서 무효표,0.01,0.02,0.02,0.02,0.01,0.83,0.02,0.02,0.04,0.24
2962,근데 전라도도 삐끗함 지지난 총선인가 전라도 안철수당 몰표였,0.02,0.01,0.02,0.03,0.01,0.92,0.02,0.03,0.04,0.1
3013,확실한건 단일화도 개같이 망했다는 거 안철수 등장 이후로 민주당의 호남 80 는 넘지 못하는 벽이었는데 이 사람들이 싸그리 이재명한테 갔네,0.01,0.01,0.01,0.03,0.01,0.68,0.02,0.04,0.12,0.1
3086,호남은 안철수 역풍인 듯,0.02,0.01,0.01,0.02,0.01,0.69,0.01,0.02,0.05,0.32
3207,난 근데 전라지역 보수당 11퍼도 상당히 충격임 19대 대선때 문재인 안철수 심상정 순으로 높앗던걸로 기억하는데,0.02,0.01,0.01,0.02,0.01,0.76,0.01,0.02,0.04,0.34
3214,전라도는 문재인의 민주당보다 안철수를 선택한 곳임 전라도가 무슨 만고땡 지성인이 모여 사는 곳이라 생각하면 오판 거기에 이낙연도 한몫했고,0.02,0.01,0.02,0.07,0.02,0.94,0.03,0.04,0.03,0.06
3229,호남이 갈수록 감떨어지네요 지난 안철수 몰표 나올때부터 점점 공중파 포털 유튭 언론 장악의 효과가 무섭네요 더러운건 덮어주고 과대포장으로 미화시키고 가짜 여조로 밴드웨건 효과까지,0.02,0.01,0.02,0.04,0.01,0.84,0.01,0.03,0.06,0.09
3235,언제까지 호남이 캐리해 안철수사퇴 안했어봐 지금 윤석열 당선임ㅋㅋㅋㅋㅋ,0.02,0.01,0.01,0.02,0.01,0.8,0.01,0.02,0.06,0.13
3251,근데 안철수랑 안합쳤으면 윤석열 쳐발렸음 ㅋㅋㅋㄱㅋㄱㅋ 근데 전라도에서 이재명이 84 ㅋㅋㅋㅋㅋ,0.02,0.01,0.02,0.04,0.01,0.88,0.03,0.03,0.05,0.07
3270,영호남 일대일싸움이면 인구많은 영남이 무조건이김 거기에 심상정이 완주해버리고 안철수가 윤으로 붙은 마당에 질수있는 구조가 아님,0.01,0.01,0.01,0.05,0.01,0.77,0.01,0.02,0.04,0.24
3435,투표율 높은 거 보고 마음이 너무 안 좋았음 안철수 배신까지 얘네는 그냥 전라도를 버린거임 전라도에서 민주화를 어떻게 이뤄냈는데 박근혜 탄핵시킨 지가 지금 5년밖에 안 됐는데 제정신이라면 그럼 안 되는 거고 정말 모독 중의 모독임 진짜,0.02,0.01,0.02,0.05,0.02,0.92,0.02,0.03,0.04,0.04
3439,전라권의 높은 사전 투표율이 궁금하다 그쪽은 안철수 지지율이 높았던 지역이자나,0.02,0.02,0.02,0.03,0.01,0.9,0.02,0.02,0.04,0.15
3517,부산인천이낮다 부산은 영패들이 안찍었을수있기때문에 둘다에게나쁜거 인천은 주로 국힘당이라 안찍으면 찢명이유리 경기 서울이결판내는건데 과연 어떻게 뵐것인가 머피의법칙대로 내가찍은놈이안되는거면정말 웃프겠다 이번선자포자기선거라 안철수는다시는안찍음,0.01,0.01,0.01,0.02,0.01,0.72,0.01,0.02,0.06,0.25
3599,안철수 호남에서 사람새끼 아님 지금 저희 엄마가 제 말 끊고 먼저 욕할 정도 ㅋㅋ,0.02,0.01,0.01,0.03,0.01,0.81,0.01,0.05,0.12,0.06
3691,토깽이가되느냐 여우가되느냐지 개가 여우한테 양보했거든 개는 늑대관데 여우한테 양보했다며 안철수 개가 울먹이잖아,0.01,0.01,0.02,0.04,0.01,0.6,0.01,0.03,0.08,0.1
3702,광주에 저분들 이재명 지지자들의 사기극 입니다 광주에 사는 10년째 안철수 지지자들이 저분들 처음 본답니다 이재명 지지자들의 자자극 사기 구역질 납니다,0.01,0.01,0.02,0.02,0.01,0.84,0.02,0.04,0.1,0.1
3794,강남서 헌팅도 당하고 이재오도 보고 안철수도보고 역시 강남이 문제다,0.01,0.01,0.02,0.03,0.01,0.62,0.01,0.03,0.06,0.08
3872,전국에 전라도사람들과 중도 야국 국민여러분 아직 투표 안 하신분들은 꼭 투표해서 윤석열이 검찰쿠테타 안철수 야합 막아야합니다 5공겪은사람으로서 이당저당 당원은 아니지만요 경상도 자랑이자 대한민국에 자산인 이재명을 경상도에서도 지지해서 당선시켜서 살기좋은 대한민국 만듭시다,0.02,0.01,0.02,0.05,0.01,0.9,0.02,0.03,0.03,0.11
4045,안철수 후보께서 그리고 싶은 나라를 마음껏 그릴 수 있기를요,0.01,0.01,0.02,0.02,0.01,0.8,0.02,0.02,0.05,0.25
4139,그러고보면 안철수지지자는 누가 싫어 저쪽에 표준다가 아니라 싫어도 이악물고 이이이하며 싫지만 표준다 그건 우리에겐 안철수가 있기때문이다,0.01,0.01,0.01,0.04,0.01,0.73,0.01,0.02,0.03,0.35
4249,새겨들었으면 닥치고 있어야지 왜 나대는거냐 송영길 민주당 미워 윤석열 안철수 지지하는 국민 목소리 새겨듣겠다 출처 이데일리 네이버 뉴스,0.02,0.03,0.03,0.03,0.02,0.94,0.02,0.02,0.03,0.08
4278,19대 대선 때 안철수 찍던 것들이 웃기고 자빠졌네요,0.01,0.01,0.01,0.02,0.01,0.84,0.02,0.02,0.06,0.13
4465,6번 나서 윤석열 외쳤다 단일화때와 확 달라진 안철수 출처 중앙일보 네이버 뉴스,0.02,0.01,0.01,0.03,0.01,0.77,0.01,0.02,0.04,0.25
4575,이 상황 넘 아까워요 이전 어떤 선거때보다도 안철수라는 이름이 많이 나왔고 진행중이였는데 하튼 울 집안42표 부정적인 과천에사는 고모가 안타까워 위로를 해 주던군요 한편 이상황도 예견하고 이루졌겠죠,0.01,0.01,0.02,0.04,0.01,0.89,0.02,0.03,0.04,0.11
4715,현직 변호사 안철수에 국민이 호구냐 정신적 충격 손배소 제기 피고 안철수 는 단일화를 계획했으면서도 국가기관 선관위 주관 선거방송에 출연해 전국민 상대로 마치 끝까지 완주할 것처럼 기만행위를 했다,0.02,0.01,0.02,0.03,0.01,0.86,0.02,0.03,0.05,0.12
4720,저도 같은 생각입니다 이준석이 기회를 잡듯이 안철수도 기회를 잡을 준비와 역량이 있길 바랍니다,0.01,0.01,0.02,0.03,0.01,0.73,0.02,0.02,0.04,0.27
4803,안철수 지지자들의 윤석열 선택은 당연하다 1 윤석열 안철수 단일화에 대해 위기를 느낀 민주당이 연일 공격을 퍼붓는다 안철수는 야합한 나쁜 정치인이고 국민들의 저항에 부딛쳐 역풍이 분다고 이에 안철수는 민주당도 은밀하게 자신에게 접근해 왔음을 토로했다,0.02,0.01,0.01,0.04,0.01,0.7,0.01,0.02,0.04,0.31
5002,안철수 윤석열 단일화 지지선언,0.02,0.01,0.02,0.04,0.01,0.8,0.02,0.08,0.06,0.07
5566,철학 팔아먹고 산 사기꾼들을 이태규 같은 개새끼보다 더 혐오하고 용서할 수 없는 이유는 철학부재의 타락한 윤썩열과 허위로 가득한 정권교체를 위해 안철수의 정치생명과 삶을 지탱해 오던 철학을 송두리채 무너트리고 청춘들의 희망과 사회적 가치관을 시궁창에 빠트렸기 때문입니다,0.02,0.02,0.02,0.06,0.02,0.94,0.02,0.03,0.03,0.06
5593,안철수 윤석열 더좋은 정권교체 확 와 닿는다 부디 그 마음 변치 마라,0.02,0.03,0.03,0.06,0.02,0.95,0.03,0.04,0.04,0.05
5925,인천시민 촛불 들고 안철수 윤석열 단일화 비판,0.01,0.01,0.02,0.02,0.03,0.76,0.01,0.05,0.06,0.1
6003,송영길 안철수 돈 때문에 합당 의혹 당은 지켰어야 다음 뉴스 저런 철수 찌질이가 정치 한다고,0.1,0.01,0.02,0.04,0.01,0.78,0.02,0.12,0.07,0.07
6149,제3지대 포지션에 남아 있길 바라는 수많은 정치적 동지들과 권 의원 등 어려운 길을 함께 걸어온 최측근 인사에게 충분히 설득하고 설명하지 못 한 것에 대해서는 비판과 지적이 불가피하다 평범한미디어 안철수에게 또 속은 권은희,0.01,0.01,0.02,0.03,0.02,0.67,0.01,0.05,0.08,0.08
6233,벌써 시작이군 인천시민 촛불 들고 안철수 윤석열 단일화 비판 다음 뉴스,0.01,0.01,0.02,0.04,0.01,0.82,0.02,0.03,0.04,0.15
6508,인천 시민단체 안철수 윤석열 단일화 야합 규탄 다음 뉴스,0.01,0.02,0.02,0.03,0.01,0.68,0.01,0.02,0.03,0.46
6738,밭갈이 하는 찐성남시민 안철수 윤석열 단일화 열 받아 못살겠다 이재명은 느껴야 합니다,0.02,0.01,0.01,0.02,0.01,0.88,0.02,0.05,0.07,0.08
6817,이재명표 심상정이 좀 가져갔을거 같은디 우리 친누나만 해도 안철수 심상정 고민했었지,0.01,0.01,0.02,0.02,0.03,0.77,0.01,0.04,0.05,0.1
6915,이게 뭐람 안철수 윤석열 이재명,0.03,0.02,0.02,0.08,0.04,0.95,0.03,0.09,0.03,0.03
6959,관상 손가락을 자르겠다던 위선자 안철수의 입을 보니 단일화한 이유를 알겠네 경악스러운 충격과 안철수의 진실을 밝힙니다,0.02,0.01,0.02,0.02,0.02,0.88,0.02,0.05,0.08,0.04
6972,윤석열 안철수는 그 전의 2 3등의 단일화와 근본적으로 다르다 1등 후보와 3등 후보의 집권 후 지방선거를 겨냥한 여권 단일화더 이번 대선은 윤석열 단독으로도 충분히 이간다 정권교체 후 중앙과 Jtbc 반드시 손을 봐야 헌다 낮에는 보수 행세 방에는 좌파 행세,0.02,0.02,0.02,0.03,0.01,0.76,0.02,0.02,0.03,0.43
7024,안철수 지지자 기존 지지 지지철폐자 모두 아닥해 눈깔봉사 야비스런 정신상태,0.01,0.01,0.01,0.02,0.01,0.63,0.01,0.06,0.12,0.15
7056,갑자기 드는 생각 안철수 존재감 팍팍 올라가고 있는 시점에 토론 끝나고 갑자기 윤석열 품에 안기는 바보 등신 짓거리 한 이유가 뭘까 윤 씨 에게 무슨 약점 이라도 잡혔나 아니면 왜 윤 씨 보다는 이재명 후보와 손을 잡았어야지,0.02,0.01,0.02,0.04,0.01,0.91,0.02,0.03,0.03,0.11
7076,이상돈교수 안철수 사람취급 안하더라는,0.02,0.02,0.02,0.05,0.01,0.91,0.02,0.02,0.03,0.1
7113,냉철하게 보면 됩니다 우리도 잠에서 깨야죠 안철수의 지지로 보고 배운건 국힘에서 어떻게 언론을 만들고 이용하고 말도 안되는 토론 베끼기 폭력등 대놓고 일장기 모사선거 이게 합당으로 성향이 바뀝니까 3월 9일까지 안댚은 윤석열 지지자일뿐인겁니다 이후는 안댚 능력이에요,0.02,0.01,0.02,0.02,0.01,0.72,0.01,0.03,0.07,0.24
7175,이번 선거에서 김동연이 왜 이재명과 단일화 했을까가 제일 궁금 안철수야 중도포기 하고 윤석렬에게 갈 것을 예상했지만,0.01,0.01,0.02,0.03,0.02,0.67,0.01,0.05,0.08,0.08
7202,정상남 이재명 2번남 윤석열 철수남 안철수,0.01,0.01,0.01,0.02,0.01,0.64,0.02,0.03,0.06,0.18
7272,7 이번 대선은 국민의 당 안철수 대표가 될 확률이 매우 높았습니다 지방은 이재명 윤석열 후보가 압도적으로 높은 것 맞는데 수도권에서 중상층 부류 위주로 안철수 지지하고 있었습니다 공무원 경찰이나 학생들도 이들이 이재명 윤석열 후보 정책이나 광명의 천사 수법 익히 알고서,0.01,0.01,0.01,0.03,0.01,0.61,0.01,0.02,0.06,0.39
7405,윤석열에 빵 터진 안철수 이준석과는 냉랭,0.02,0.01,0.01,0.03,0.01,0.81,0.02,0.03,0.06,0.1
7406,윤석열 표차이 엄청 나서 떨어질 게 뻔하고 안철수 땜에 조졌다고 그럴게 뻔합니다,0.04,0.01,0.02,0.03,0.02,0.9,0.01,0.03,0.03,0.12
7810,찐지지자들은 솔직히 배신감에 몸부림 치다가 이성이 좀 돌아오고나면 상황을 알아보고 정리하고 나서야 하나 둘 돌아오는 게 보통이지만 비판할 건 해야죠 화나는 게 정상이에요 저도 화는 나는 걸요 그럼에도 안철수보다 나은 정치인 없는 것 같아 일단 화난 거 나중에 풀라고 적립중이요,0.01,0.01,0.01,0.07,0.01,0.7,0.01,0.07,0.18,0.03
7874,윤석열 안철수와 첫 합동 유세 더 나은 나라로 진격,0.01,0.01,0.02,0.03,0.02,0.67,0.01,0.05,0.08,0.08
7982,안철수라는 이름은 이제 모릅니다,0.02,0.01,0.01,0.04,0.01,0.73,0.01,0.05,0.14,0.07
8076,사전투표 하러가서 투표용지 보는데 안철수 사퇴 되어있어서 가슴 미어짐 존나 날 조롱해 러시발들 전쟁 일으킨거에 제대로 된 시각 가진넘도 너뿐이었는데 이럴수있냐고,0.02,0.01,0.01,0.03,0.01,0.64,0.01,0.05,0.07,0.21
8209,안철수 오늘 이천 유세가 정치하면서 맛 본 최고의 순간일 듯 윤은 안을 높이 올려쳐주는데 선수네,0.02,0.01,0.01,0.17,0.01,0.79,0.02,0.1,0.06,0.04
8216,안철수 윤석열 유세 현장 첫 등장 정권교체 혼신의 힘 바치겠다 출처 국민일보 네이버 뉴스 단일화 성사 후 처음으로 함께 유세 나서 정권교체를 위해 단일화를 결심한 안철수 함께 더 나은 나라를 위해 함께 진격,0.02,0.02,0.02,0.04,0.05,0.94,0.02,0.06,0.04,0.06
8219,안철수와 윤석열이 GC된다는줄,0.09,0.01,0.02,0.09,0.03,0.85,0.01,0.18,0.05,0.06
8229,안철수는 윤석열 그늘아래서 그나마 날개를 필수는 있을거야 이 기회를 걷어차면 진짜 끝이라 봐야 합당후에 되도 않는 땡깡 피우면 이준석 뿐만 아니라 국힘애들 상당수가 철수 말려죽일거야 유승민도 바미당부터 철수맛을 봤는데 지켜만 보진 않을거라고,0.01,0.01,0.01,0.05,0.01,0.84,0.01,0.02,0.06,0.07
8305,안철수 지지자분들도 그냥 2번이 안철수라고 생각하고 찍어도 좋을듯 내가 본 윤석열은 함부로 약속을 파기하거나 사람을 이용만 해먹고 팽 시킬 사람이 절대 아님 윤석열이 대통령되면 안철수 조언을 많이 구할것,0.02,0.01,0.02,0.02,0.02,0.83,0.01,0.03,0.06,0.12
8357,안철수 이름 바꿔야 됨 안통수로,0.01,0.01,0.01,0.03,0.01,0.76,0.02,0.02,0.04,0.28
8473,안철수는 무슨 약점을 잡혔을까,0.01,0.01,0.02,0.02,0.03,0.76,0.01,0.05,0.06,0.1
8487,윤석열 안철수의 단일화에 대한 국민의당 최진석 상임선거대책위원장의 글 혹자는 이준석을 제압하기 위해서는 안철수에게 힘을 실어주어야 하기에 윤석열에게 투표해야 한다는 식으로 이야기하지만 윤을 낙선시키면 셋 모두에게 심판이 될 것이다,0.02,0.01,0.02,0.04,0.01,0.87,0.02,0.06,0.12,0.03
8846,전에 말하바 있는데 안철수최초선거가지방선거였죠 그후 10년이지났는데 액도 희망고문이라니 충격이네요 국힘에선 공천을 그냥경쟁없이해준다는건아닐텐테요 당원도 말했는데 50 의사람들이 4번을찍겠다고 하죠 당원투표로 결정하겠다고 한번도못한거 그것도문젭니다 위원장들앞박한다고 그대,0.01,0.01,0.01,0.02,0.02,0.65,0.01,0.02,0.04,0.38
8917,안철수,0.02,0.01,0.02,0.03,0.01,0.89,0.01,0.04,0.05,0.09
9012,개새드라 디저뿌라 디시인사이드 미국 정치 한국대선 광명을 안철수 사퇴 표,0.02,0.01,0.02,0.06,0.01,0.9,0.02,0.03,0.04,0.1
9050,권은희가안철수의대해서괭장한싫망감을 감출수없나봅니다 나름다당재해서 홀로우뚝서기을바랐던것인데 자기혼자살기위해서 당을산산히부셔버렸군요 철수가초딩맞네요,0.02,0.01,0.01,0.03,0.01,0.76,0.02,0.02,0.05,0.24
9142,이상돈교수의 안철수단일화비판,0.03,0.01,0.03,0.08,0.01,0.61,0.04,0.17,0.22,0.02
9446,안철수 상대방을 떨어뜨리기 위해 무능한 후보를 뽑으면 1년이 지나 그 사람 뽑은 손가락 자르고 싶다 고 할 것이다 주술에 씐 듯 마법에 걸린 듯 정권교체만 되면 다 될 것이라고 착각하는 분들이 많은데 그렇지 않다 손바닥 왕은 손가락 절단을 이길 수 없다 안철수의 매직 을 믿습니다,0.01,0.01,0.02,0.02,0.03,0.76,0.01,0.05,0.06,0.1
9614,시사논평 윤석열을 안철수로 최면 걸자 적폐 청산하고 아픈 국민 치료하고 병든 나라 살리는 최고의 조합 안철수 via,0.02,0.01,0.02,0.03,0.01,0.84,0.02,0.07,0.14,0.04
9977,그만 정치를 접으시는게 좋을 듯합니다 약속을 지키지 않는 사람은 더이상 믿지도 않으렵니다,0.01,0.01,0.02,0.04,0.01,0.84,0.02,0.03,0.06,0.06
9996,죄송합니다 한마디 남기고 안철수는 국민역당 으로 당적을 바꿔 버렸습니다 이것을 어떻게 이해해야 할지 그동안 국민의당을 지지해 왔던 분들은 이게 무슨 일이래요 하시겠지요 안철수의 선택을 두고 의견이 분분합니다 악수 일지 아닐지는 개표를 해봐야 알 수 있겠네요,0.01,0.01,0.02,0.03,0.01,0.78,0.02,0.02,0.03,0.25
10033,안철수 해명 충격 유시민 이재명은 이런사람,0.02,0.01,0.02,0.04,0.02,0.93,0.02,0.03,0.04,0.05
10093,안철수는 지난 서울시장 선거때 부터 합당을 할려고 했을지도 모르지 한나라당 안에서 경선을 하면 윤석열이 아니라 안철수가 대선후보가 됐을지도 만약 이번에 대선후보가 못됐다 해도 다음 대선에는 충분하니까 그래서 이준새끼가 안철수를 합당 하지 못하게 욕을 퍼부으면서 필사적으로 막은거고,0.02,0.02,0.02,0.08,0.02,0.87,0.02,0.02,0.03,0.2
10411,이는 안철수와의 그 얄팍한 단일화에서도 나타난다 안을 지지하는 유권자들이 전부 자신의 편이 될 줄 아는 그 안일함 지금의 답이 없어질대로 없어진 민주당이라면 이 정도의 수고로도 승리가 가능할 것이라는 무책임함 지금의 유권자들은 옛날만큼 멍청하지가 않다,0.02,0.01,0.02,0.05,0.01,0.9,0.02,0.03,0.03,0.11
10799,내 상사가 아무래도 안철수 찍으실 분 같았는데 이렇게 되어서 1번 뽑으실듯,0.02,0.02,0.02,0.1,0.02,0.9,0.02,0.02,0.02,0.17
10808,아 호남이 16년도에 안철수당 밀어줬었구나,0.01,0.01,0.01,0.03,0.01,0.73,0.02,0.03,0.09,0.13
10957,지지자들에 사과 손편지 쓴 안철수 정권교체 못하는 상황만은 막아야 했다 출처 JTBC 네이버 뉴스,0.01,0.01,0.02,0.05,0.01,0.67,0.01,0.06,0.15,0.07
11044,제발 아무것도 하지마 너만 가만히 있으면 대한민국 살기 좋아 부탁 좀 할께 철수야,0.02,0.01,0.01,0.02,0.01,0.85,0.02,0.05,0.1,0.1
11058,안철수에게 사퇴잘했음 이걸로 정치생명 끝이니 땡큐 회사 동문회 친목모임등 작은 모임을해도 회장 대표가 임원 혹은 전체 회원과 의논하며 결정한다 원내대표도 모르게 너만 결정해서 사퇴했다구 넌 민주주의가 뭔지 모르는 그냥 독재주의자 였을뿐,0.01,0.01,0.01,0.02,0.01,0.67,0.01,0.03,0.05,0.26
11100,춤추는 안랩 주가 안철수 윤석열 단일화 약발 하루 다음 뉴스 단일화 첫날 7 폭등했지만 다음날 다시 조정 1월 최대 12만원대였지만 지금은 반토막,0.01,0.01,0.01,0.03,0.01,0.83,0.02,0.03,0.06,0.15
11237,근데 윤 낙선되면 이준석이랑 안철수까지 다같이 매장되는 각 아녀,0.03,0.01,0.02,0.06,0.02,0.94,0.03,0.04,0.04,0.05
11472,일타삼피 윤석열 서초동윤서방파 적폐청산 정의당 심상정 안철수 확실한 철수,0.01,0.01,0.01,0.02,0.01,0.62,0.01,0.02,0.08,0.34
11515,했네 했어 안철수도 수다 인용 너무 웃겨서 빡빡 웃다가 빡쳤다가 또 빡빡 처웃다가 시발,0.02,0.01,0.02,0.02,0.01,0.71,0.01,0.04,0.21,0.07
11569,철수 역쉬 철수야 잘 했다 후회한다 속지 마시오,0.01,0.01,0.02,0.05,0.01,0.89,0.02,0.03,0.05,0.06
11721,안철수 새정치 내가 하겠다 다음뉴스,0.02,0.01,0.01,0.02,0.01,0.82,0.01,0.03,0.05,0.15
11739,안철수 지지한답시고 그동안 아무데도 못가게 발목잡는게 니들 뜻이냐 정치가는 대의를 위해서 때로는 자기가 결정하고 올인도 할수있어야한다 안철수의 가고자하는 뜻을 더이상 막아서는 안돼요 이재명이 내세우는 성과가 안철수에게도 필요한것뿐 뜻이 관철되기를 바란다 국민의당은 희망없다,0.01,0.01,0.01,0.02,0.01,0.8,0.02,0.02,0.07,0.17
11860,안철수란 정치인을 지지하는 사람들은 지역 중심도 나이 중심도 성별 중심도 아닌 오로지 가치와 상식 중심인데 그 가치가 어제부로 무너졌다 안철수 진성 지지자들에겐 인증 마크처럼 김성재가 따라 붙는다 국민의당 당가를 만들어 주신 분 그 분이 인증한 당원들은 힘들어 하시는데 그게 상식인데,0.02,0.01,0.02,0.04,0.01,0.87,0.02,0.02,0.03,0.18
12146,여기 댓글다는 사람들 윤가 비리 처가 비리 다 알고 있으면서 외면하는 것 같습니다 모르는게 없어요 ㅋㅋ 햄버거 10 개 먹었다고 소고기 윤 안 단일화에 뒤흔들린 광주 민심 안철수의 새정치는,0.01,0.01,0.01,0.03,0.02,0.66,0.01,0.05,0.08,0.22
12148,제가 호남 사람이예요 그전에 민주당만 찍었고 이후엔 안철수 찍고 뭔 인구 얘기하는데 빨갱이가 나와요,0.01,0.01,0.01,0.03,0.01,0.69,0.01,0.02,0.06,0.2
12216,칭긔들은 초능력자 허경영 찍는대서 나는 나방을 먹을 수 있는 안철수 찍으려고 했는데 철수가 철수해서 걍 아무도 안찍을거임 엉탐은 정치엔 적성이 안맞아보이고 찢은 감성충이라 나랑안맞는다,0.02,0.01,0.02,0.06,0.01,0.9,0.02,0.04,0.04,0.07
12433,그래서 윤석열보다 안철수더싫어함,0.02,0.01,0.02,0.03,0.01,0.85,0.01,0.04,0.05,0.12
12562,딱 초딩 반성문 수준,0.01,0.01,0.01,0.02,0.01,0.64,0.01,0.02,0.06,0.36
12726,아마도 안철수는 새벽에 불려나가 당신 마누라 당장 정경심꼴 나게할 수 있어란 말 한마디에 무너졌을거 같다 당신도 당장 구속감이라는 협박과 함께 윤석열 측은 안측이 먼저 연락했다는 말로 협박한게 아니란 알리바이를 안은 정치개혁 명분을 내세워 협박에 굴한게 아니라는 알리바이를 만든듯,0.02,0.01,0.01,0.02,0.01,0.88,0.02,0.05,0.07,0.08
13205,장제원 민정수석 권성동 비서실장 안철수 국무총리 나경원 법무장관 한심하고 슬프다,0.01,0.01,0.02,0.07,0.01,0.7,0.02,0.02,0.03,0.34
13323,이런 건 절대 잊지 않거든 내가 문준용 씨 일 터졌을 때 안철수네 딸 칭찬하면서 바른 부모 밑에 자라서 어쩌구저쩌구 했던 거 제가 아직도 다 기억하고 그래서 고상한 척 하는 그분 저서들 누가 인용하거나 할 때마다 진짜 언짢음 내가 트위터에서 본 중 정상인 중 가장 뒤틀린 영혼이었다,0.01,0.01,0.01,0.04,0.01,0.71,0.02,0.05,0.2,0.04
13647,다급한 권영세ㄷㄷ 30대 여자 친구들의 단톡방 현황 안철수 폭망 via,0.02,0.01,0.01,0.03,0.01,0.87,0.02,0.05,0.06,0.07
14028,이재명 43 7 윤석열 44 4 ARS 조사 0 7 p 초접전 KSOI 아마 이재명이 승리할거임 국힘당은 지금까지 끌어 모을데까지 끌어모음 게다가 안철수 10 남짓되는 표에서 윤석열쪽으로 2 5 정도 간다고 함 나머지 5 정도 기권이라는데 여기에서 문제 나만해도 이재명찍겠,0.01,0.01,0.02,0.03,0.01,0.82,0.02,0.02,0.04,0.14
14035,안철수 7 2 에 달렸다 44 4 43 7 초박빙 KSOI 다음 뉴스,0.01,0.01,0.01,0.03,0.01,0.73,0.01,0.03,0.08,0.19
14061,찐경제 안철수의 선택 단일화 진짜이유 명분보다 정치경제적 실리 챙겼다 자리보장 받고 주가도 올리고 단일화 하룻새 90억 출처,0.02,0.01,0.02,0.04,0.01,0.86,0.02,0.03,0.03,0.15
14077,이번 안철수 공약 보니까 기업관은 심져 국집보다 더 악성이더라고 나는 원래 기업인이 정치하는 걸 싫어해서 첨부터 안철수를 좋게 안 봤지만 사람들이 그를 새 정치 할 사람으로 초반에는 믿었다는 게 참 그래 국민은 이익을 추구해도 되는데 정치인은 가치를 추구하는 척이라도 해야지,0.02,0.01,0.01,0.03,0.01,0.63,0.01,0.03,0.07,0.21
14266,안철수 지지자들도 새됐네 ㅋㅋㅋㅋ,0.01,0.01,0.01,0.08,0.01,0.7,0.05,0.02,0.04,0.2
14335,안철수는 간철수다 손가락 짜를일만 남았다,0.02,0.02,0.02,0.03,0.02,0.92,0.02,0.04,0.05,0.06
14389,안철수 띠발 아 어제 하루종일 학교에 치이다가 저녁에 집에들어왔더니 웬 청천벽력같은 소리 들었음 씨발 말도안돼 그저께 우리 학교앞에 유세도 왔었잖아 그랬잖아,0.02,0.01,0.02,0.03,0.02,0.91,0.02,0.05,0.08,0.03
14436,100분 토론 유시민 원희룡 윤가 초토화 안철수 찬밥 시작ㅋㅋ 출처,0.01,0.01,0.01,0.02,0.01,0.67,0.01,0.03,0.05,0.26
14596,안철수라서 수인걸까 이런 발언,0.01,0.01,0.01,0.02,0.01,0.67,0.01,0.03,0.05,0.26
15555,안철수 그냥 국민연금 개편 언급으로 주목 한번 받은 걸로 만족하는 거냐고 ㅎ,0.01,0.01,0.01,0.05,0.01,0.65,0.03,0.08,0.16,0.05
15614,안철수 니 수준이 그렇지 잠시 희망을 걸어본 내가 미친년이지 니말대로 곧 니 손가락을 짜르고 싶을기다,0.02,0.01,0.02,0.02,0.01,0.71,0.02,0.02,0.03,0.48
15668,안철수가 블라블라 정치개혁 씨부리는데 이제 어떤 국민이 당신 말을 곧이 곧대로 듣겠니 닥치세요,0.02,0.0,0.02,0.03,0.04,0.61,0.04,0.25,0.12,0.04
15684,역시 안철수네 안됐다,0.01,0.01,0.02,0.06,0.01,0.75,0.02,0.05,0.14,0.03
16322,그런 모욕을 당하고도 거기랑 합당을 해 안철수,0.02,0.01,0.02,0.1,0.01,0.89,0.03,0.04,0.07,0.04
18156,윤석열 안철수 심야회동 갖고 단일화 합의 오전 기자회견 출처 MBC 네이버 뉴스 철수야 철수야 아서라 당장은 모면하려니와 네 일생일대의 모멸이 되니라,0.01,0.01,0.02,0.05,0.01,0.73,0.01,0.05,0.18,0.03
18833,윤석열 안철수와 단일화 성공,0.01,0.02,0.02,0.06,0.01,0.87,0.02,0.02,0.04,0.13
20749,진중권 단일화 결렬 안철수보다 윤석열 책임 더 커 시사끝짱 다음 뉴스,0.01,0.01,0.02,0.03,0.01,0.8,0.01,0.02,0.04,0.29
20761,나 진짜 이해 못 하겠는게 윤석열 보다 이재명이나 안철수가 유능하고 똑똑하다 고 말하는거 유능해서 12년간 한 짓거리 기억을 못하고 똑똑해서 10년지지율 5 내외 정치 시작 8개월만에 지지율 1위 대선후보다 연설하면 구름같이 모인다 검찰총장출신 보고 바보라고 하는 패기는 인정,0.02,0.02,0.02,0.03,0.02,0.87,0.01,0.02,0.04,0.11
20995,단독 국민의힘 특전사 카톡방 안철수 빨갱이 이준석 스파이 홍준표 간첩 다음 뉴스 빨무새 원조인데 뭘 새삼,0.02,0.01,0.01,0.03,0.01,0.79,0.01,0.03,0.06,0.19
21285,영부인이 피의자 신분으로 대통령 취임식 하는 경우 도 있냐 재멍이 석열이 찍으면 곧장 사표 된다는 이유다 알어 듣것어 무조건 깨끗하고 능력있는 안철수후보 찍어야 미래가 희망이 있다고요,0.03,0.01,0.02,0.04,0.02,0.93,0.02,0.04,0.05,0.04
21452,여론조사지지율을 근거로 단일화 경선은 무의미하다라는 결론을 내린다면 서울시장 경선 당시의 금태섭을 받아주고 오세훈을 받아줬던 안철수는 비상식적이었단 말인가 이제와서 유창선은 이 포인트에서 논리적 모순을 끌어가고 있다,0.02,0.01,0.02,0.04,0.01,0.87,0.02,0.03,0.05,0.1
21811,안철수는 다이아몬드임 깎으면 보석이 되는,0.02,0.01,0.02,0.04,0.01,0.89,0.02,0.03,0.05,0.1
21976,꺼져가는 단일화에 찬물 끼얹은 안철수 진정성 느낄 수 없다,0.02,0.02,0.02,0.05,0.01,0.85,0.02,0.02,0.03,0.17
22026,니 지지율 존나 빠지는 중인데 존나 거짓말 하네 ㅋㅋㅋㅋㅋ 꼭 당선돼서 국민통합 이루겠다고 당선 안되면 니 전재산 사회에 기부할래 그럼 믿어줄게 사기꾼 새끼야,0.02,0.01,0.01,0.02,0.01,0.72,0.01,0.02,0.04,0.3
22633,이재명 전방위 러브콜 첫 성과 안철수 심상정 마음도 돌릴까 이재명 김동연과 통합정부 구성 합의 향후 단일화 가능성 전문가들 대선 판세에 큰 영향 없다 일축 안철수 심상정도 완주 의지 시사,0.01,0.02,0.02,0.03,0.01,0.69,0.01,0.02,0.05,0.24
22780,안철수는 요 며칠 새의 행태를 보면 완전히 민주당 2중대로 돌아섰어 현찰 때문에 또 무슨 장난치려고 수작부리는 거야 민주당을 위해서 돈값은 해야지,0.02,0.01,0.01,0.02,0.01,0.62,0.01,0.05,0.09,0.18
22843,내가 그럴 줄 알았어요 역시 안철수는 안변합니다,0.02,0.01,0.02,0.05,0.01,0.91,0.02,0.04,0.06,0.07
23105,안철수 국민의당 대선 후보 고 이어령 전 문화부 장관 빈소 조문 다음 뉴스,0.03,0.01,0.03,0.04,0.02,0.91,0.09,0.13,0.1,0.03
23144,안철수 어떤 정치인이든 만날 용의 있어 원론적 이야기 다음 뉴스,0.03,0.01,0.03,0.06,0.02,0.94,0.03,0.07,0.04,0.04
23629,철회 동참 안철수 지지 철회하는 사람들 정권교체 걸림돌,0.02,0.02,0.02,0.04,0.02,0.91,0.02,0.03,0.03,0.08
23671,이창원 about 안철수 안철수의 부와 명성을 얻은 곳은 IT 산업인데 안철수가 정치인이 된 후 안철수를 지지하는 IT 인사들을 본적이 있는가 지지는 커녕 업계에서 안씨는 기피인물이다 글중,0.02,0.01,0.02,0.06,0.02,0.94,0.03,0.04,0.04,0.04
24289,30년간의 정치를 표현하자면 남의 깃털을 제깃털인마냥 주워다 쓴 새가 그 깃털이 다 뽑혀 세상 초라한 모습으로 돌아올때 속았다고 그제서야 돌만 던지고 있을건가요 이제 진짜 대통령을 뽑을 때입니다 남의 깃털도 없고 본연의 자세로 자신의 의지를 밝히는 안철수 그가 날개를 폅니다,0.01,0.01,0.01,0.02,0.01,0.76,0.01,0.02,0.05,0.22
24341,광딸 권은희 윤석열 거짓 회견으로 안철수와 단일화 끊어 버려 광딸 권은희의 아바타 안철수,0.01,0.01,0.01,0.02,0.01,0.63,0.02,0.02,0.08,0.21
24630,어쩔 안철수 털,0.02,0.01,0.02,0.06,0.01,0.83,0.02,0.07,0.12,0.05
24825,2017년 민주당 악플에서 2022년 국짐당 악플 2017 홍준표 되면 안철수가 원흉 2022 이재명 되면 안철수가 원흉 안의 조상 안창호 선생은 투옥 후 죽었고 안중근 의사는 침략원흉 이토 히로부미 응징하고 사형됐다 윤봉길 열사 후손이라는 윤석열이 결단해야 한다 단일화 경선하겠다,0.02,0.01,0.01,0.03,0.01,0.67,0.01,0.03,0.07,0.24
24860,형아 히스토리 팩트 박원순은 당시 오세훈시장의 무상급식투표로 사퇴가 원인 안철수후보님은 서울시장 나올 생각조차 없었어요 팩트 문제인인 당선의 일등공신은 당시 탄핵을 당한 당에서 후보를 낸 그 당 책임 윤석열 후보 우리 문제인 대통령님 김건희 우린 원래 좌파에요,0.02,0.01,0.02,0.04,0.01,0.89,0.02,0.03,0.03,0.16
25222,가세연 애들이 키워드를 던져줬는데 1 김지현 와인바 2 프리챌 안철수는 들으면 알거라는데 열공애들이 X파일이라고 하는 거 뭣도 없다면서 파일 다 알려주고 완전 투기꾼이더만 1900억 어떻게 모았는지 알겠어 그러면서 순순히 단일화를 하시지 라던데,0.01,0.01,0.01,0.02,0.01,0.74,0.01,0.03,0.13,0.1
25266,윤도리 지지율 떨어지고 있나보네 안철수 후보께서 버티면 새로운 정치 지형과 각종 쑤레기들 물갈이 다 될꺼에요 안후보님이 꼭 버티셔야해요,0.01,0.02,0.02,0.07,0.02,0.9,0.02,0.02,0.04,0.05
25413,그 스타트가 이재명과 안철수 찢어 버리기,0.01,0.01,0.01,0.03,0.01,0.73,0.01,0.03,0.06,0.2
25493,불공정과 부도덕을 이 땅에서 날려 버릴 거센 바람 안철수 바람이 휘몰아치고 서울로 북상 중입니다 국민은 승리 합니다 안철수 기호4번이 진군하고 있습니다,0.02,0.01,0.02,0.03,0.02,0.87,0.01,0.02,0.04,0.16
25521,안철수 진짜 절망적인 하수네,0.02,0.01,0.01,0.02,0.01,0.65,0.01,0.02,0.07,0.28
25554,안 철 수 바람이 분다 으럿차차 안철 수 기호4번 안철수 힘내라 힘 안철수가 대한민국 살 린다아 안철수 안철수 안철수 안철수,0.01,0.01,0.02,0.04,0.01,0.6,0.01,0.02,0.04,0.39
25614,근데 난 아직 정치잘모르갯고 안철수가 제일 지혜로워보임,0.02,0.02,0.02,0.04,0.01,0.85,0.02,0.02,0.03,0.32
25622,원조부패가 할소리는 아닌데 국짐당 지지하는 인간들은 생활은 정상인데 정치만 나오면 바보가되니 올고 그름도 판단이 안서나보네요,0.01,0.01,0.02,0.05,0.01,0.82,0.02,0.05,0.09,0.04
25672,어르신들이 안철수를 의외로,0.01,0.01,0.01,0.02,0.01,0.69,0.01,0.03,0.08,0.23
25806,안철수는 민주당과 야합을 한듯 ㅋㅋ,0.37,0.03,0.05,0.07,0.03,0.94,0.05,0.1,0.03,0.02
25970,안철수 극대노했네 ㅋㅋㅋㅋㅋㅋ 얼마나 대노했으면 무려 정치가로 데뷔하고는 자제하던 바른말만 연속으로 날리냐 ㅋㅋㅋ,0.02,0.01,0.01,0.31,0.03,0.85,0.02,0.04,0.03,0.04
26003,단독 윤석열 측 안철수 자리는 직접 선택하는 방안까지 제시했다 출처 국민일보 네이버 뉴스,0.01,0.01,0.01,0.03,0.01,0.63,0.01,0.02,0.05,0.28
26063,정권교체없이 미래없다 윤석열 안철수의 조건없는 단일화로 압도적 정권교체하는 건 국민의뜻 준석아 너 단일화 방해하면 죽는다 입다물어라 윤석열 안철수는 생산적담판으로 단일화하라 걸을 수 있는 대한민국국민은 선상투표 사전투표 절대 말고 한명도 빠짐없이 당일투표해 나라 살릴것,0.02,0.01,0.02,0.06,0.01,0.92,0.03,0.04,0.05,0.06
26260,어제 안철수 광주 연설 이후에도 저런류의 혐오 튓이 나온다는 건 멀쩡한 이성을 지닌 성인으로서 모지리 윤가 찍을 명분 이 팔요했던 겁니다,0.01,0.01,0.01,0.03,0.01,0.67,0.01,0.02,0.07,0.27
26336,원래 이런건 안철수가 전공인데 새정치 ㅋㅋ,0.01,0.02,0.02,0.04,0.01,0.74,0.02,0.02,0.03,0.46
26501,여론조사 경선아니면 그 어떤 것도 받아들이지 않았다고 그 어떤 것이 사퇴하라고 압박하는 거였잖아 안철수랑 국민의당을 호구로 보고 수작질 부리다가 역풍 부니까 간담이 서늘하냐,0.02,0.01,0.01,0.03,0.01,0.63,0.01,0.05,0.29,0.04
26645,윤석열 안철수 단일화 사실상 무산 네 탓이오 공방 재시작 쿠키뉴스 뉴스,0.01,0.01,0.01,0.02,0.01,0.62,0.01,0.03,0.11,0.15
26690,공작의 달인 권영세 공작 안철수 문자 폭주 반발 권영세 단톡방 전화번호 공유 파문 출처 한국경제 네이버 뉴스,0.01,0.01,0.02,0.03,0.01,0.62,0.01,0.02,0.04,0.42
27012,안철수에게 책임 전가한건 눈에 안보이고 그저 안철수 탓하는 안철수를 불쏘시개 도구로 이용하려 했으면서 아닌척 실망한척 위선 떠는 모습이 가증스럽다 구안빠들이 아니라 그냥 대깨윤들일 뿐 이재명 가족도 그렇고 무속열 본인과 부인 장모 꼬라지 보고 제정신 박힌 사람들은 지지 못한다,0.02,0.01,0.02,0.04,0.01,0.86,0.02,0.07,0.1,0.03
27024,민주당하고 안철수 가지가지해라 진짜ㅋㅋㅋㅋㅋ 어제 밤늦게 그 지랄 당론 채택해놓고 지금 윤석열한테 화살돌리는 언플한다고 그게 가려지냐 국민 개돼지가 아니라 호남은 완전 개취급 ㅋ 윤석열 안철수에 대등한 공동 인사권 제안했었다,0.08,0.01,0.03,0.12,0.04,0.92,0.06,0.24,0.05,0.02
27363,안철수는 진짜 단일화 한번 성공해서 개털려봤으면 좋겠다 다시는 아무도 안낚이게,0.01,0.01,0.02,0.04,0.01,0.81,0.02,0.03,0.06,0.14
27760,윤석열 안철수 단일화 대신 국민통합정부라는 말이 뜨고 있는데 브레이크뉴스,0.02,0.01,0.02,0.03,0.02,0.8,0.04,0.1,0.12,0.03
27768,윤석열 안철수 단일화 사실상 무산 투표용지 인쇄 시작,0.01,0.01,0.01,0.02,0.01,0.76,0.01,0.03,0.1,0.13
27793,비겁한 윤석열 쥴리도 공개해라 못할게 뭐냐 안철수는 신사적으로 나오는 민주당 애먹이다가 깡패같은 국힘당 상대하려니 확 깨네 댓글 검사때 언론에 흘리기로 피의자들을 때려잡던 공작질을 정치판에서 시전하네 면상에 선제타격 좀,0.01,0.01,0.01,0.04,0.01,0.78,0.02,0.04,0.06,0.11
27982,민주당이 다음 대통령으로 안철수로 한다는 짤을 봤는데 믿을 수가 없어서 안퍼왔음 근데 그짤이 맞으면 여니님은 민주당에 왜 계심,0.03,0.01,0.02,0.06,0.01,0.91,0.03,0.07,0.08,0.04
28141,존나웃기다 안철수,0.01,0.01,0.01,0.04,0.01,0.64,0.02,0.03,0.09,0.15
28179,열받은 안철수 이준석 다급해졌다 민주당 윤석열 중앙지검 재직 때 장모는 피의자에게 17억 대출받아 유능한 이재명 약속 출처,0.02,0.01,0.02,0.04,0.01,0.91,0.02,0.03,0.03,0.14
28192,안철수가 진즉부터 저런정치 했더라면 새정치로 환영박수 받았을터 지금부터 분발해도 늦지않음,0.02,0.02,0.02,0.08,0.02,0.93,0.02,0.04,0.03,0.04
28214,한 나라의 대통령은 기본 지식과 미래와 국제정세를 볼 수 있는 식견이 필요하다 세계는 점점 복잡하고 다양하기에 그에 맞는 지식뿐만 아니라 고품격의 식견이 필요하다 안철수 후보님만 가능하다 또 언어 영어 는 필수이다 대통령이란 자리가 왜 중요할까요 기사참조,0.02,0.01,0.02,0.04,0.01,0.91,0.02,0.03,0.03,0.14
28218,우상호 윤석열 단일화 포기 선언 안철수에 책임 전가한 것,0.02,0.01,0.02,0.04,0.02,0.92,0.02,0.03,0.03,0.11
28658,유튜브쇼츠 저는 그렇게 하기 싫습니다,0.01,0.01,0.02,0.11,0.01,0.76,0.02,0.08,0.09,0.04
28782,모두 같은 마음입니다 잘 될거예요 힘내보아요 그나마 다행인건 제 주변에는 아직 이재명이 좋다고 한 사람을 본 적이 없네요 너무 싫은데 윤후보는 좋은지 모르겠다고 그래서 그래서 기권하거나 안철수 뽑으면 이재명이 된다라고 말해줍니다 그리고 부탁해요 2번 찍어달라고요,0.01,0.01,0.02,0.03,0.01,0.76,0.02,0.04,0.09,0.08
29257,더불어민주당 이재명 후보는 부산울산경남 지역을 찾아 정치보복 근절과 통합 정부를 강조했습니다 다당제와 결선투표제를 내세우며 안철수 후보를 향한 연대 손짓도 이어갔습니다 정의당 심상정 후보는 고 변희수 하사 추모식에 참석해 차별금지법 추진을 약속했습니다,0.01,0.01,0.01,0.03,0.01,0.65,0.01,0.04,0.27,0.09
29297,걍 집안꼴 너무 욱겨 5년 전보다 성장했다고 안철수 뽑는다고 하다가 1억 준다고 허경영 뽑는다는 50대 남성과 윤석열 뽑는다는 60대 남성과 그 남성을 말리는 50대 여성 사실 안 웃김,0.02,0.01,0.02,0.1,0.01,0.91,0.03,0.04,0.04,0.08
29304,충격단독 이재명 끝낼 파일 안철수 X파일 출처,0.01,0.01,0.01,0.02,0.01,0.72,0.01,0.06,0.16,0.08
29530,오늘 기자회견을 보니 이재명과 윤석열의 차이가 전혀없어보인다 차선이나 차악따위가 존재않는 두 후보다 고민없이 안철수로 가면 되겠다,0.02,0.01,0.01,0.04,0.01,0.82,0.01,0.04,0.07,0.1
29587,여수찾은 안철수 신에겐 아직 12척의 배가 남아 있다,0.01,0.01,0.01,0.04,0.01,0.69,0.01,0.03,0.11,0.06
29664,이재명은 산산조각인데 무슨 토론때 했던 안철수 후보가 한 공약과 말들 선거유세에서 그대로 써먹고 있네 네 정체성은 있냐,0.01,0.01,0.02,0.04,0.01,0.88,0.01,0.03,0.05,0.09
29736,안철수 너는 국민에대한 대 반역자 늘 철수철수 하던이 지금가장중요한 시점에 고집부리는것은 나라말아먹을 놈들에게 정권을 넘기려는 수작이아니냐 만약에 그리된다면 철수라는 기리기리 국민역사에 나으리라 이 싹아지같은놈,0.02,0.02,0.02,0.05,0.02,0.93,0.03,0.02,0.03,0.11
29855,윤석열은 본인 지지율이 높으면 안철수 개무시 지지율이 역전되니 단일화 막던지기 윤석열 너무 얍삽하다 윤석열은 이번 대선에 지면 감옥행 끝장 안철수는 본인의 정체성을 유지하면 대선에 지더라도 이재명이 선거제도를 바꾸면 지방선거를 기약할 수 있음 윤석열은 끝났다 펌,0.01,0.01,0.02,0.03,0.01,0.83,0.02,0.02,0.05,0.16
30202,안철수 쪽 이준석 합당 종로공천 언급 단일화 먼저 제안 다음 뉴스,0.02,0.01,0.01,0.02,0.01,0.74,0.02,0.07,0.17,0.05
30229,더러운 굿힘 쓰레기들 니네들 몽니 갑질 부리다 한방에 간다 안철수 측 2월 초 이준석에게 후보 사퇴 전제로 합당 제의 받았다 출처 아시아경제 네이버 뉴스,0.03,0.02,0.01,0.02,0.03,0.84,0.01,0.09,0.1,0.05
30417,나 진짜 실물 안철수 닮았는데,0.02,0.01,0.01,0.03,0.01,0.86,0.02,0.04,0.07,0.07
30502,안철수나 이준석이나 정치 10년넘게 한 고인물들인데 윤석열 뉴비가 뭐라는겨 ㅋㅋ,0.02,0.01,0.01,0.04,0.01,0.86,0.02,0.03,0.05,0.1
30716,열받은 안철수 측 단일화 거래 전격 공개 Feat 이준석 장난질,0.02,0.01,0.02,0.03,0.02,0.92,0.02,0.05,0.05,0.08
30817,안철수 아내 김미경 보건소에서 일하고 받은 800만원 백신연구 기부 출처 조선비즈 네이버 뉴스,0.02,0.01,0.02,0.07,0.01,0.88,0.01,0.03,0.04,0.13
31288,윤석열은 거부 안철수는 기부,0.02,0.03,0.02,0.14,0.01,0.79,0.02,0.02,0.03,0.24
31363,이태규 이준석 2월 초 안철수 사퇴 조건으로 합당 제안 폭로 다음 뉴스,0.01,0.01,0.02,0.02,0.01,0.75,0.01,0.03,0.1,0.09
31382,안철수후보가 단일화결렬선언했는데 합당때도그러시더니 홀로일방적결정버릇이고 이미지지율이 윤과이후보로이동하면서 5 전후로떨어질턴데 완주해도의미없고 금을못케면 은이라도케야 지혜로운것으로 윤후보와만나 자유민주 자본주의완성과 미래건설에일조하는것이 존경받는정치인으로 기억될것입니다,0.01,0.02,0.01,0.03,0.01,0.88,0.02,0.02,0.04,0.11
31430,감사합니다 안철수가된기분이네요,0.02,0.02,0.02,0.07,0.01,0.93,0.03,0.03,0.03,0.11
31440,,0.02,0.01,0.01,0.03,0.03,0.86,0.01,0.06,0.04,0.07
31671,좀 심한 거 같지요 이준석의 도 넘는 안철수 조롱 비판한 청년에 홍준표 의원이 답했다,0.01,0.01,0.02,0.03,0.01,0.69,0.01,0.06,0.18,0.03
32303,안철수 단일화 여지 묻자 웃으며 며칠 남았죠 지금 대선까지 며칠 남았느냐 안철수 국민의당 대선 후보는 23일 국민의힘과 더불어민주당 모두에서 어떤 정책 제안도 받아본 적 없다 며 양측과의 단일화 논의를 부인했다 안철수 단일화,0.01,0.01,0.02,0.24,0.02,0.65,0.01,0.15,0.12,0.03
32755,윤무당의 무식함과 뻔뻔함에 질려버린 안철수,0.03,0.02,0.02,0.02,0.04,0.9,0.02,0.06,0.05,0.04
33215,눈처럼 희고 깨끗하고 맑고 투명하고 고귀한 척하는 안철수는 전에도 말했지만 수천억대 재산 신고된 것만 거의 2천억 이 문제라고 본다 아무리 자본주의 세상이라지만 도덕적으로 그게 그리 깨끗한 일이라고 나는 안 보거든 내가 단 한 번도 안철수를 지지한 적이 없는 이유,0.01,0.01,0.02,0.04,0.01,0.73,0.02,0.04,0.09,0.07
33854,오늘 생일날에 케익선물 받고 미소 코로나19 시대에는 촛불도 입으로 후 끄면 안되고 손뼉으로 짝짝 ㅋ역시 안철수 후보님 생일축하합니다,0.01,0.02,0.02,0.04,0.02,0.91,0.02,0.03,0.05,0.06
33861,안철수 부인 김미경 교수는 연설에서 2012년 남편이 정치에 들어설 때 선한 사람이 거짓말하지 않고 약속 지키고 부정부패하지 않는 정치인이 제대로 나라를 이끌어나갈 수 있다는 걸 보여주겠다 고 했다 10년 동안 준비했고 10년 동안 남편은 시행착오를 겪으며 더 단단해졌다 며 지지를 호소했다,0.01,0.01,0.02,0.04,0.01,0.83,0.02,0.02,0.04,0.23
33998,안철수 윤석열 단일화 겁나서 도망 적폐교체 확 디비뿌겠다 출처 매일신문 네이버 뉴스,0.04,0.01,0.01,0.03,0.04,0.71,0.01,0.19,0.14,0.04
34201,윤석열 압박한 안철수 윤석열 핀트를 못 잡고 있어 깊이 고민을 안한 것 같다 출처,0.01,0.02,0.01,0.04,0.01,0.71,0.01,0.03,0.06,0.27
34207,안철수에게 투표하면 안철수는 대통령이 됩니다,0.01,0.01,0.01,0.04,0.01,0.71,0.01,0.03,0.06,0.25
34215,안철수 기호4번 대통령후보가 살짝 뽑아 휘두른 한번 칼 놀림에 당한 윤석열 어제 방송토론 후 홀로 소감 없이 떠난 윤석열 이라는 제목으로 기사가 나왔는데 당황했죠 너무나 당황했죠 안철수가 숨겨진 능력을 보여주니 당황할 수 밖에 없었을 것 입니다,0.04,0.01,0.02,0.04,0.03,0.88,0.02,0.13,0.06,0.08
34945,이재명 같은 조국 vs 윤석열 같은 안철수,0.01,0.01,0.01,0.02,0.01,0.67,0.01,0.04,0.12,0.07
36535,안철수의 분노 과금 파워 힘순찐 발동 윤석열 빌빌대는 중,0.02,0.02,0.02,0.05,0.01,0.73,0.01,0.02,0.03,0.4
37551,저는 여우님이 저에게 왜 이러는지 모르겠어요 안철수 찍으려면 찍으세요 아무도 뭐라 할 사람없어요 트친들이 안철수 과하게 조롱해도 예의로 대해야 한다고 일관되게 말했어요 제발 농담이나 잡담 아닌 대화를 하려면 화제를 분명히 해주세요 그래야 쉰소리든 헛소리든 할 것이 아니겠습니까,0.02,0.01,0.02,0.08,0.01,0.82,0.02,0.05,0.1,0.03
37648,자당 후보 표를 뺏어갈수 있는 경쟁 대선후보에 대한 접근법은 다양하기에 보수 유권자가 스스로 으로부터 이탈해 윤석열로 결집하도록 윤석열 이준석 콤비가 안철수 향해 취했던 무시 조롱 일관 전략도 가능한 접근법이라 생각하지만 단일화 결렬이 의외 라는건 책임 회피,0.01,0.01,0.01,0.03,0.01,0.65,0.02,0.02,0.05,0.38
37687,안철수가 단일화 철수 한다는 기자회견도 보지 못했느냐 단일화 안되는 것이 여당 탓이냐 댓글부대 보다 더 심한 대선개입 기사부대 언론 보지도 듣지도 말자,0.02,0.01,0.01,0.03,0.01,0.72,0.01,0.02,0.05,0.27
37693,좋아 ㅎㅎㅎ 벽에다가 떡칠하거라 이재명 43 7 윤석열 42 2 접전 안철수 5 8 심상정 2 7 다음뉴스,0.01,0.01,0.01,0.03,0.06,0.85,0.03,0.05,0.06,0.05
38059,기회주의 철새도래지 뻐꾸기 둥지에 뻐꾸기들 모아봐야 의미 없고 유세 현장에서 굿판은,0.02,0.02,0.02,0.05,0.01,0.74,0.01,0.02,0.03,0.33
38103,고인의 유지는 안철수 국민행복 대통령이다,0.04,0.01,0.02,0.08,0.04,0.93,0.02,0.1,0.05,0.03
38114,안철수의 병명은 정신분열증이라고 한다 조현병 혼자서 상대방이 날 원한다고 하고 그 상대가 자길 안 받아 준다고 하고 그래서 화가 났고 그사람을 원망하겠단 건데 보통 관계 망상 환자라고 부르곤 한다 정신정신 가서 약먹고 쉬길 바란다 흑산도 인신매매 여수 강간마 간호 받으면서,0.02,0.02,0.02,0.09,0.01,0.93,0.03,0.03,0.04,0.05
38670,안철수 후보 단일화 제안 철회 단일화 의지 진정성 없어 출처 세계일보 네이버 뉴스 안철수의 정치 선거 때 마다 깽판 치러 나오나 완주할 의지없이 왜 나오나 3석 으로 106석 그냥 먹겠다고 단일화 한다 안한다 정치 그만둬라,0.02,0.01,0.01,0.04,0.01,0.65,0.02,0.04,0.08,0.15
38785,안대표님 오늘 정말 멋지셨고 듣는 내내 표현할 수 없는 울림 강한 그런것이 느껴졌어요 기적을 믿습니다 항상 응원합니다,0.02,0.01,0.02,0.04,0.01,0.73,0.02,0.02,0.03,0.41
38915,안철수 결코 멈추지 않겠습니다 LIVE 시작 소개 부분 다시 들어보니 김명준이 아니라 김명균 간사입니다,0.01,0.01,0.02,0.04,0.01,0.86,0.02,0.03,0.04,0.15
38996,안철수여서 가능한거긴 하네,0.01,0.01,0.02,0.04,0.01,0.88,0.02,0.03,0.04,0.13
39018,대선 지면 죽는다는 걸 알고 있는 민주당과 세상 철새 안철수라 연합해도 전혀 이상하지 않음 안철수가 정권연장에 동의하는 모양새라 조건이 셀텐데 총리 포함 내각 지분 지방선거 공천 지분 재신임 투표 등이 오갈 것이라는 소문 파다 문제는 보나마나 안철수가 또 뒤통수를 맞을 것이라는 점,0.01,0.01,0.01,0.02,0.01,0.6,0.01,0.01,0.05,0.37
39158,물적분할 상장금지 물적분할 상장금지 안철수공약입니다 같이 해주세요,0.02,0.02,0.01,0.02,0.03,0.89,0.01,0.04,0.05,0.05
39431,아 당연히 그러겠지만 사망 운전기사와 지금도 원주세브란스에 입원중인 계약서 없이 고용된 두 분 합의금 제대로 주도록 당연히 그러겠지 안철수지지자들이라면 모금도 할거라 본다,0.01,0.01,0.01,0.02,0.01,0.68,0.02,0.04,0.2,0.03
39552,안철수 하버드캐네디스쿨 외교정책 세미나 출처,0.01,0.02,0.02,0.07,0.03,0.92,0.03,0.03,0.03,0.04
39560,이준석 야권후보 단일화 안 될 것 몇시간 뒤 안철수 협상결렬 선언 뉴데일리,0.01,0.01,0.02,0.03,0.01,0.69,0.01,0.02,0.04,0.4
39573,안철수는 딜 할려다 실패한듯,0.01,0.01,0.01,0.06,0.01,0.84,0.02,0.03,0.05,0.13
39682,국민은 정권교체가 최대의 목표이다 안철수가 결국 국민의 정권교체 바램을 져버리나 결코 죽쑤어서 개줘서는 안된다,0.02,0.01,0.01,0.03,0.01,0.73,0.01,0.04,0.06,0.21
39856,안철수 오늘전까지 난 반신반의 오늘 이후로 내편아님 끝,0.01,0.0,0.02,0.11,0.01,0.69,0.02,0.1,0.07,0.09
39873,안철수 제 목숨을 걸고 그분의 희생이 헛돼는 일이 절대로 없어야겠다는 생각과 다짐 각오를 하게 됐다 고 했다 돌아가신 분이 진짜 원하는것이 무엇일까 정권교체 안되도 좋고 이재명이 당선되어도 좋으니 안철수후보가 끝까지 완주해 주세요 하는것이 고인의 바램 일까,0.01,0.01,0.02,0.02,0.01,0.68,0.01,0.03,0.15,0.08
40134,안철수 단일화 결렬되고 나서부터 똥파리 세작들 트윗량 증가 똥파리들 똥줄 타는중 히히,0.01,0.01,0.01,0.02,0.01,0.67,0.01,0.04,0.12,0.11
40340,안철수가 단일화를 제안했던 속마음 4 여러 차례 정권교체 이후에 더 좋은 대한민국을 만들기 위한 미래의 비전과 뼈를 깎는 개혁으로 이어지지 못했다 이런 성찰과 지적은 묻지마 정권교체 에 계속 묻혀버리고 정권교체 후 예외 없이 실패한 정부로 이어졌다 전문,0.02,0.01,0.02,0.02,0.01,0.67,0.01,0.02,0.03,0.51
40548,윤석열 후보는 이재명 후보를 이미 10퍼센트 넘께 이기고 있으니 정권교체 걱정 하지 마시고 새로운 정치를 위해 안철수 후보 마음놓고 찍으시면 됩니다,0.01,0.01,0.01,0.05,0.01,0.75,0.02,0.02,0.04,0.22
41191,안철수,0.02,0.01,0.01,0.02,0.01,0.64,0.01,0.02,0.03,0.48
41633,최선의 후보 안철수로 찍고 자유를 찾으러 가즈아,0.02,0.02,0.02,0.03,0.05,0.88,0.01,0.07,0.05,0.04
41691,점 난 곳도 안철수 만큼 작네요 짧고 작네,0.01,0.02,0.03,0.07,0.03,0.92,0.04,0.05,0.05,0.02
41802,오늘 안철수 소통 라이브 좋았다 송경택 감독님 왈 누가 되는 게 싫어서 그 사람을 막기 위해서 차선에 선택을 하는 건 패배자의 마인드다란 말 진짜 공감가네 이재명 윤석열 막기위해 내 소중한 한 표를 행사하는 게 아니라 내가 최선이라고 생각하는 안철수 뽑으면 된다,0.02,0.01,0.01,0.03,0.01,0.81,0.01,0.05,0.07,0.16
41984,뉴스룸 2월 19일 주요뉴스 안철수 선거운동 재개 다시 주목 받는 단일화 평창 깜짝 은 원윤종팀 내일 마지막 도전 인원제한 없는 유세 내세워 집회 같은 기도회 새벽에 친구들과 언 호수 걷던 중학생 물에 빠져 유럽 휩쓴 태풍 미국은 눈폭풍에 100중 추돌,0.02,0.02,0.02,0.03,0.01,0.87,0.02,0.03,0.05,0.1
42039,세계 2대 불가사의가 안철수 튀는거랑 이재명 뛰는거,0.02,0.01,0.02,0.03,0.01,0.83,0.02,0.03,0.03,0.24
42150,민주당쪽은 문재인에서 이재명으로 더 흑화되었고 국힘당은 홍준표에서 윤석열로 조금 나아졌죠 안철수는 존재감이 사라졌구요,0.01,0.01,0.01,0.03,0.01,0.66,0.01,0.02,0.05,0.29
42175,안철수도 수다,0.01,0.02,0.02,0.1,0.01,0.78,0.02,0.02,0.03,0.33
42459,안철수,0.02,0.02,0.01,0.03,0.04,0.89,0.01,0.05,0.04,0.05
42568,여론이라면 같은 뉴스에 비슷한 반응이 있게 마련인데 안철수 관련 뉴스는 같은 뉴스인데도 언론사에 따라 심하게 차이 나는걸 여러번 목격 댓글부대 짐작하고도 남죠 하고도 남을 인간들이구,0.02,0.01,0.02,0.05,0.02,0.93,0.02,0.05,0.07,0.04
42600,그러니 안철수나 지지하나봅니다,0.06,0.03,0.02,0.03,0.1,0.93,0.02,0.18,0.05,0.04
42748,안철수 응원 국민 릴레이 안철수 대통령,0.02,0.02,0.02,0.07,0.02,0.93,0.02,0.04,0.04,0.03
42759,발인식장에서 도대체 이게 뭐하는 짓인가 사망자가 두 분인데 한 분은 어디 계신가 안철수는 이걸로 끝났다고 본다,0.02,0.01,0.02,0.05,0.01,0.9,0.02,0.03,0.07,0.05
42790,모든 예산부터 산업화는 경상도로 다가져 가면서 왜왜왜 경상도 출신 이재명한테는 표안주고 양심 불량이라는건 다 아는사실 그리고 윤석렬 이재명 심상정 안철수랑 전라도와서 표 구걸하는 얼굴에 똥을 퍼부어 주고 싶다 말로만 호남에 와서 이간계 쓰고 아주 나쁜 사람들이다,0.01,0.02,0.02,0.03,0.01,0.8,0.02,0.04,0.04,0.21
42884,안철수 내일 선거유세 재개 부인 김미경 교수와 의료봉사 다음 뉴스,0.02,0.02,0.01,0.03,0.02,0.9,0.01,0.03,0.05,0.07
43052,신나는 안철수,0.01,0.01,0.02,0.02,0.02,0.71,0.02,0.08,0.3,0.03
43240,손평오 동지의 뜻을 이루기 위해서라도 안철수 대통령과 함께 새로운 대한민국을 만듭시다 손평오 동지의 영면을 기원하며 유가족분들께 깊은 애도와 위로의 마음을 보냅니다 손평오동지 영면하소서 새로운대한민국 기호4번 번타자 회말2아웃 역전만루홈런 안철수대통령 국민의당,0.01,0.01,0.01,0.03,0.01,0.75,0.02,0.02,0.04,0.3
43340,저 안철수 손 동지의 뜻을 이어 손 동지를 떠나보내는 당원동지들의 아쉬움과 결연함을 담아 더욱더 단단해지겠다 안철수 어떤 풍파에도 굴하지 않을 것 사퇴론 일축,0.01,0.01,0.01,0.03,0.01,0.61,0.01,0.02,0.06,0.36
43555,안타깝기그지없네요 앞에서하는말과다르게뒤에서는대충대충하는습성을버려야해요 고인들의명복을빕니다,0.02,0.01,0.01,0.03,0.04,0.85,0.01,0.06,0.05,0.05
43627,경기도지사 어쩌고하는 가짜뉴스 신혜X 틀튜브에서 퍼트린거 같네 어제 밤부터 퍼진듯 조치하셔야할 듯 안철수 후보는 끝까지 완주한다 정치공작 허위사실 유포 하지마 상 중에 정신없는데 25분동안 경기도지사 딜했다는게 말이되냐 경기도가 뉘집 개이름이냐 국힘당 진짜 드럽게 정치하네,0.02,0.02,0.03,0.06,0.01,0.93,0.02,0.04,0.03,0.1
43939,불의의 사고에도 안철수 고인 뜻 받들어 완주한다 다음 뉴스 오오 안철수,0.01,0.01,0.01,0.02,0.01,0.69,0.01,0.02,0.05,0.26
44043,심상정 안철수 소신투표 하신다는 한녀들은 이거 보고 가세요 ㅋㅋ 현실은 잔혹함 소신투표해서 윤석열되어봤자 소수당에 찍은 님들 표 아무도 안 알아줍니다 반페미정서가 나라 정서가 되는거고 한녀들 취업길 막히고 페미 탄압되는거 시간 문제임 다음 대선에는 더더욱 여자 눈치 안보게 되겠지,0.02,0.01,0.01,0.04,0.01,0.87,0.02,0.03,0.06,0.09
44337,적폐청산 선제타격 대 쇼크로 민감하게 물어뜯고 짖어도 윤석열차는 잘도 달린다 정치일반 윤석열 40 이재명 31 안철수 8 NBS 출처 국민일보 네이버,0.02,0.02,0.02,0.06,0.01,0.75,0.01,0.01,0.04,0.2
44453,야권 당일화는 여권 연합을 부르고 국론 분열만 심화시켜 역효과가 날 것이다 국민 통합과 정치 개혁을 위해 제3지대 대선후 보단일화로 연립정부를 수립해야 한다,0.01,0.01,0.01,0.03,0.02,0.78,0.02,0.08,0.13,0.03
44636,물적분할 상장금지 물적분할 상장금지 안철수 공약 입니다 같이 해주세요,0.03,0.02,0.02,0.06,0.02,0.94,0.02,0.04,0.04,0.04
44923,안철수는 영혼의 결이 미래 향해 닦여 있다 출처 신동아 네이버 뉴스,0.01,0.01,0.02,0.03,0.01,0.7,0.01,0.02,0.04,0.36
45314,확실히 안철수가 대위출신이라 현실적이네,0.01,0.02,0.02,0.05,0.02,0.92,0.03,0.03,0.03,0.09
45330,선거운동 유세차 사고 산재 적용될까 안철수 선거운동원 산재 유세차 선거사무원 충북인뉴스 김남균,0.01,0.02,0.02,0.05,0.01,0.88,0.02,0.02,0.03,0.14
45410,안철수후보 안타깝다 유세차량에서 일산화가스로 2명사망 삼가고인의명복을빕니다,0.01,0.01,0.02,0.03,0.01,0.74,0.02,0.02,0.06,0.2
45854,불의의 사고 잘 수습하셔서 흔들림 없이 나아가세요 돌아가신 당원들 명복을 빌며 당원 모두는 끝까지 힘내시길 바랄겁니다,0.01,0.02,0.02,0.06,0.01,0.73,0.01,0.02,0.03,0.4
45862,안철수 3등이 역선택 노려 자충 외통수 던지다니,0.01,0.01,0.02,0.02,0.01,0.68,0.01,0.02,0.04,0.22
45867,대통령호소인 윤석열 로드맵 본인의 채 20여일 앞날도 모르면서 대통령 지명제라도 만들 셈인가 윤석열 안철수에 5년 뒤 대선 로드맵 제안 검토 중,0.01,0.01,0.02,0.06,0.02,0.88,0.02,0.06,0.05,0.05
45938,7 와 단일화 어이상실이다 안철수후보 원매쇼 프로에 나갈 모양이다 뒷편에서 그렇게 윤 비방 지금도 하면서 오메불망 매달리는거 다 보임 촰스씨 다 접고 쭉 끝까지 완주 하세여 훤히 다 보이는 짱돌 구르는 소리 촰촰촰 들여오는,0.01,0.01,0.01,0.03,0.01,0.72,0.01,0.02,0.04,0.3
45966,안일화로 정권교체가 답입니다,0.02,0.02,0.02,0.06,0.02,0.93,0.02,0.03,0.03,0.09
46065,그래서 주인공인거야 멍청아 습 그런데 찰스 자비에 계속 찰스찰스하니 안철수 생각나잖아 슬프다 그냥 모두에게 헬멧 선물해주지 그랬어 그래 순순히 협력했으면 주인공이 아니었겠지 이게 효과적인걸 본인도 깨달았겠지 아 저기서 그 목적을 확인하는구나 아니 어떻게 걸을 수 있어 캐붕,0.01,0.01,0.02,0.05,0.01,0.7,0.06,0.04,0.05,0.18
46072,나 웬지 안철수 하는 안철수가 음모론 이라는 단어를 꺼내면서 다시 나타날것만 같아,0.01,0.02,0.02,0.04,0.01,0.7,0.01,0.02,0.03,0.41
46094,안철수 박정희 뜻 이어 제2 한강의 기적 다음뉴스,0.01,0.02,0.02,0.05,0.01,0.6,0.02,0.01,0.03,0.5
46125,안철수 뭔일임 헐,0.01,0.01,0.01,0.03,0.01,0.68,0.01,0.02,0.04,0.36
46131,안철수님 부디 힘내세요 4번타자 홈런날리자 화이팅,0.01,0.01,0.02,0.06,0.01,0.65,0.01,0.02,0.04,0.41
46189,이 쌍판대기 싸가지 없는 말투의 오만함은 거부감을 너무 부른다 윤석열이 패배하면 절반 이상은 니 책임 이준석 안철수 지지 선언 만 받는다 여론조사 단일화는 혜성 충돌할 확률 다음 뉴스,0.01,0.02,0.02,0.09,0.02,0.82,0.02,0.02,0.03,0.31
46220,안철수 유세버스서 3명 사상 선거운동 중단 사태수습 최선 다음 뉴스 오늘 트윗에 민주당 자동차 사고 기다렸다는듯 찍어 올리는 팀 있었는데 국민의당도 그런 차원이었을수도 있겠네 닫고 있으라 지시 내린 인간 있다면,0.01,0.02,0.02,0.09,0.01,0.8,0.02,0.02,0.03,0.29
46221,이번 선거에서 국민의당 당원 혹은 안철수 지지자들은 국힘과는 다시는 겸상도 생각할 수 없을 정도의 강이 생긴 것 같은데 정의당 당원들이 민주당과 그런 담이 생겼는지는 잘 모르겠음,0.01,0.02,0.02,0.04,0.01,0.74,0.01,0.02,0.04,0.33
46237,안철수로 단일화하면 당신을 뽑을겁니다만 제발 제발 진정성 좀 보여주세요 계산하지 말고 언제까지 이것 저것 재면서 정치 하실래요,0.01,0.02,0.02,0.12,0.01,0.73,0.02,0.02,0.03,0.27
46268,안철수 유세 차량서 2명 사망 국민의당 모든 선거 운동 중단 종합 출처 서울신문 네이버 뉴스,0.02,0.02,0.02,0.03,0.02,0.9,0.02,0.02,0.03,0.13
46271,클레이체크,0.01,0.03,0.02,0.07,0.01,0.8,0.02,0.02,0.03,0.32
46484,인목사님 최교수님에게 맡기면 공약 이든 단일화 든 누구와 붙어도 백전 백승이다 안철수후보는 두분에게 맡기고 소신껏 선거유세에 집중하면 된다,0.01,0.02,0.02,0.07,0.01,0.82,0.02,0.02,0.03,0.28
46787,뉴스토마토 미디어토마토 2월12 13일 ARS 이재명 40 2 윤석열 43 2 안철수 8 3 3 0 p 오차범위 내 격차 뉴스토마토 박주용 기자 자세한 내용은 중앙선거여론조사심의위원회 홈페이지를 참조하면 된다,0.02,0.02,0.02,0.05,0.01,0.64,0.01,0.01,0.03,0.54
47338,안철수 겨냥 내수용 법률가 군대도 안가고 국군 통수 출처 동아일보 네이버 뉴스,0.01,0.01,0.02,0.05,0.01,0.88,0.02,0.03,0.04,0.05
47408,비상장주식 주식회사 하늘궁 ㅋㅋㅋㅋㅋㅋㅋ 20000주 55억 9천만원 ㅋㅋㅋㅋㅋㅋ 와 리스 잔여대금 롤스 로이스 팬텀 2021년식 근데 왜 돈 안줬냐 아무튼 본인 재산만 260억 직업은 강연업이래 잠깐 안철수가 얼마였드라,0.01,0.01,0.02,0.02,0.01,0.81,0.02,0.02,0.04,0.22
47533,안철수 후보의 깽판 단일화 요구로 하락 10년 정치 경력이 날로 빛나죠,0.01,0.01,0.01,0.03,0.01,0.63,0.01,0.08,0.07,0.14
47658,안철수후보 9 8프로 응답율73 4프로짜리 여론조사,0.01,0.01,0.02,0.06,0.02,0.88,0.02,0.06,0.05,0.05
47837,4 15부정선거 집단 문재인과 민주당 은 자기들의 이익을 위해 못하는 짓이 없다 윤석열 안철수의 조건없는 단일화로 압도적 정권교체하는 건 국민의뜻 준석아 너 죽고 싶으면 단일화 방해해라 걸을 수 있는 대한민국 국민은 사전투표 절대 말고 단 한명도 빠짐없이 당일투표해 나라 살릴 것,0.01,0.01,0.02,0.03,0.01,0.75,0.01,0.06,0.15,0.05
48251,안철수 민주노총 택배노조 CJ대한통운 점거 정부에 엄정한 법집행 요구 이번 사건에서도 노조의 재물손괴와 업무방해 건조물 침입 등의 명확한 불법행위에 대해서 정부가 눈치를 보는 일이 있어서는 안 됩니다 기득권 강성노조의 패악을 반드시 막아내겠습니다,0.01,0.02,0.02,0.04,0.01,0.69,0.02,0.02,0.03,0.42
48329,그리고 나서 2 30 남은 안철수가 0 00 남은 윤석열 앞에 두고 신나게 깜 윤석열이 대답할 시간이 없으니까 안철수가 너그럽게 15초 드리겠다고 함,0.02,0.01,0.01,0.03,0.01,0.79,0.01,0.03,0.06,0.15
48413,문재인하고 단일화해서 문재인대통령 만들어 나라 말아먹게했으면 양심것 윤석열후보와 단일화 할생각안하고 날로 먹으려고하네 당신은 문재인을 대통령만든 대역 죄인이야,0.01,0.01,0.02,0.02,0.01,0.68,0.01,0.02,0.04,0.22
48542,적어도 모두들 나보다는 안철수 걱정 많이 하시는 듯 난 선거 끝나고 팬 입장으로 돌아갔을때 걱정할라고요 선거때는 저 분은 철저히 내가 사용할 도구임,0.02,0.01,0.02,0.04,0.16,0.76,0.02,0.05,0.04,0.05
48644,안철수국민 여러분 우리 다 같이 힘냅시다,0.02,0.01,0.02,0.03,0.01,0.85,0.02,0.03,0.05,0.11
48751,윤석열이 안철수 너무 세게 내치다 이재명에게 가버리면 너무 재밌을 듯,0.01,0.01,0.01,0.03,0.01,0.69,0.01,0.04,0.07,0.17
49218,후보 단일화 안철수 국민경선 단일화 주장 참으로 철수다운 제안이다 국민경선 민주당 지지자들은 윤석열 안철수 중에서 누구를 선택할것인가 당연히 안철수 아니겠나 그래야 윤석열이 불리하니까 그럼에도 국민경선 웃기는 안철수다 안철수는 늘 그런식이다 혼자만의 아집투성이 안철수,0.02,0.01,0.01,0.03,0.01,0.72,0.01,0.02,0.04,0.32
49280,안철수 없으면 마무것도 못하는 것들이 자존심도 기본 양심도 없는 국민의 짐덩이들 니 들이 정한 서울시장 단일화 룰도 못 받겠다고 그럼 홀로 서면 되는거지 또 대승적 양보하라고 ㅁㅊ,0.01,0.01,0.01,0.03,0.01,0.85,0.02,0.03,0.07,0.11
49423,안철수가 정권교체 운운하며 또 철수 하려 한다 대통령 되도 평가 나쁘면 철수 한다니 말 다했지,0.01,0.01,0.02,0.07,0.02,0.64,0.01,0.08,0.17,0.02
50123,다음번에 또 나오려면 이번에 당선되면 안 되죠 저는 한국 정치계가 배출한 두 괴물로 안철수와 이준석이라고 봅니다 철학 부재 마케팅과 자기합리화만 남은 정치 반정치의 정치,0.03,0.01,0.02,0.03,0.05,0.89,0.02,0.18,0.08,0.04
50146,우한폐렴으로 고통받는 사람들을 위해 의료봉사 하는 것을 보면서 안철수는 좋은 사람이라며 칭찬을 아끼지 않으셨는데 안철수가 제시한 단일화 조건 이야기를 들으신 어머니께서 그사람 안철수 은 분수도 모르는 욕심이 많은 사람이었구나 하신다 네 어머니 옳으신 말씀 입니다,0.02,0.02,0.02,0.03,0.02,0.91,0.02,0.02,0.03,0.1
50727,저 말고도 많은 사람들이 지적했을 겁니다 안철수는 그저 국힘당과 관계가 불편할 뿐 근본적인 가치관은 그들과 같으며 같이 3지대 개척을 모색할 그릇이 안 된다고 내가 그랬잖아 라는 식으로 말하고 싶진 않습니다만 이걸 계기로 심 후보님과 정의당이 본연의 자세로 돌아가길 바랍니다,0.01,0.01,0.01,0.04,0.01,0.66,0.01,0.06,0.13,0.08
50740,김미경 국민 여러분 우리 다 같이 힘냅시다,0.02,0.01,0.01,0.03,0.01,0.75,0.01,0.03,0.06,0.13
50859,아내 증세 좋지 않다 울컥한 안철수에 이재명 위로 전한다 다음 뉴스,0.02,0.01,0.02,0.06,0.02,0.9,0.02,0.06,0.1,0.02
50880,안철수 단일화 테마주는 또 뭐여,0.01,0.01,0.01,0.02,0.02,0.63,0.01,0.07,0.1,0.08
50971,진짜 애새끼 어떻게 키우면 저따위로 안하무인이냐 아이고 불쌍하고 한심한 안철수야 마삼중 따위한테 이게 무슨,0.01,0.02,0.02,0.06,0.01,0.69,0.01,0.02,0.03,0.45
51055,안철수님 신의 한 수 입니다 단일화 되도 안되도 이젠 윤석열과 국민의힘 책임입니다 이젠 님은 단일화 압박 없이 님의 길을 충실히 걸으면 됩니다,0.01,0.01,0.01,0.07,0.01,0.81,0.02,0.05,0.11,0.05
51494,안철수 재산걱정 지능걱정 해주는 분들이 이렇게나 많은 줄 몰랐네 ㅋㅋㅋㅋㅋㅋㅋㅋㅋ 하긴 내가 조국이다 이런 것도 있었지,0.02,0.02,0.02,0.04,0.02,0.93,0.02,0.04,0.04,0.06
51614,단일화 방식이야 유리한 쪽으로 주장하는 게 당연하지 이걸 트집잡는 윤빠들도 당연하고 그러하니 지금 자신을 뒤돌아 봐봐 본인이 빠심에 헤까닥한 상태인지 아닌지 그건 그렇고 궁지에 몰려 단일화 제안하는 안철수 정치감각 안습 한 두세박자 늦었음 그냥 이참에 정치 관두는 게 최선이다,0.02,0.01,0.02,0.15,0.02,0.85,0.06,0.12,0.06,0.02
52206,속보 안철수 단일화 제안 성명 발표 중,0.02,0.01,0.02,0.07,0.02,0.92,0.02,0.06,0.06,0.03
52546,안철수 오늘 대통령 후보 등록 뒤 야권 단일화 논의 제안 병신되기로 작정했나,0.01,0.01,0.01,0.02,0.01,0.7,0.01,0.03,0.07,0.25
52671,어려운 방법이 최선의 방법이다 안철수,0.01,0.01,0.01,0.03,0.01,0.78,0.01,0.04,0.1,0.13
53116,안철수 한국산업기술진흥협회 초청 정책간담회 다음 뉴스,0.02,0.01,0.01,0.02,0.01,0.79,0.02,0.06,0.13,0.05
53436,막산이 찍을 수도 없고 국민의 힘 찍을 수도 없다는 국민들 대안이 안철수 윤석열 선거 전략으로 국힘의 잘못을 까는 것이 1번이 되야 함 내가 대통령 되면 국힘을 이렇게 고치겠다 뜻 맞는 국회의원들이 받아 들여 정계개편 하겠다고 나와야 될 듯,0.02,0.01,0.01,0.03,0.01,0.71,0.01,0.06,0.24,0.05
54401,심상정 손실보상 재대로 법으로 이재명 윤석열 안철수 후보님 코로나 손실보상 법으로 만드실건가요 심상정 대선토론 코로나손실보상,0.02,0.03,0.02,0.03,0.38,0.67,0.02,0.04,0.02,0.04
55115,안철수 지금 포지션은 본체가 안철수인게 젤 흠인거 같네 인물 진짜 없긴하다 이 꽃놀이패를 쥐고서도,0.02,0.02,0.02,0.06,0.01,0.64,0.02,0.02,0.03,0.52
55277,이재명 36 윤석열 37 오차범위 내 접전 안철수 13 한국갤럽,0.01,0.01,0.01,0.02,0.01,0.64,0.01,0.02,0.09,0.22
55686,이건 안철수에게 말해야 할거 같아요 적절한 댓가 받고 단일화 하시길,0.02,0.01,0.02,0.08,0.01,0.91,0.02,0.04,0.04,0.06
55713,이재명 35 윤석열 35 안철수 9 NBS 출처 연합뉴스TV 네이버 뉴스,0.01,0.01,0.01,0.02,0.01,0.64,0.01,0.04,0.09,0.19
55848,대선 영상 안철수 자진사퇴 형식의 단일화 한국 정치사상 들어본 적 없어 문재인에게 양보하고 선거전날 미국행은 뭐라 발할 것인가,0.02,0.01,0.01,0.02,0.02,0.82,0.01,0.04,0.1,0.09
56104,그럼 안철수가 수백만 탄핵지지 서명 제출하고 헌재에서 탄핵 인용된 박근혜에 대한 수사 재판도 정치보복이었나 대체 정치보복의 악순환이 뭐가 얼마나 있었는 지 무자게 궁금해서 말임 안철수 정치보복의 악순환을 끊을 유일한 적임자 안철수입니다,0.02,0.01,0.02,0.03,0.01,0.79,0.02,0.02,0.03,0.34
56443,영상 윤석열 에 적폐수사 에는 10분 단일화 너무 나갔나 다음 뉴스 10분씩이나 단1분이면 되지않을까 난 자격이 안되니 안철수 당신한테 양보하겠소 이러면 1분도 안걸려 윤석열씨 더 망신당하기전에 사퇴하시오,0.02,0.02,0.01,0.02,0.02,0.82,0.01,0.08,0.11,0.08
56445,페친인 광명닥터 김기남씨가 광명시장 지선에서 떨어진 이후 국민의당에서 당시 자유한국당인가 현 국힘으로 옮겼을 때도 속으론 왜 국힘으로 가는지 도무지 이해하지 못해 속없는 사람이라며 의구심을 가지는 한 편 안철수대표와 국민의당 자체에 대해서도 제대로 알고 싶었다,0.01,0.01,0.01,0.02,0.01,0.8,0.02,0.04,0.07,0.08
